{"type":"block","version":"1.2.4","certified":false,"title":"MBDEV | Custom Headlines 3","description":"<p style=\n\"color: rgb(0, 0, 0); font-family: tahoma, arial, helvetica, sans-serif; font-size: 12px;\">\nVersion 3 of my all-purpose headlines block. Tons of features, more\nto come. You know the drill.<\/p>\n<p><span style=\"font-size: 12px;\">Version 1.2.4 -\u00a0Jun 2,\n2014<\/span><br \/><\/p>\n<ul>\n<li><span style=\"font-size: 12px;\">New feature: More stories link.\nIt's available under custom properties.<\/span><br \/>\nFixed CSS issue with full-width image mode and images breaking out\nof their containers.<\/li>\n<\/ul>\n<p><span style=\n\"color: rgb(0, 0, 0); font-family: tahoma, arial, helvetica, sans-serif; font-size: 12px;\">\nVersion 1.2.3 -\u00a0May 31, 2014<\/span><br \/><\/p>\n<ul style=\n\"color: rgb(0, 0, 0); font-family: tahoma, arial, helvetica, sans-serif; font-size: 12px;\">\n<li><span style=\"font-size: 12px;\">Added new custom property\ncss_classes. This allows you to add whatever custom classes you\nlike to the block. This replicates the functionality of the one\nbuilt into Blox except that it'll respect when the block has no\nassets. That means, if you apply a padding class to a block that\nsometimes appears devoid of assets, you won't have extra\u00a0white\nspace hanging around on the page.<\/span><\/li>\n<\/ul>\n<p style=\n\"color: rgb(0, 0, 0); font-family: tahoma, arial, helvetica, sans-serif; font-size: 12px;\">\n<span style=\"font-size: 12px;\">Version 1.2.2 -\u00a0May 2,\n2014<\/span><br \/><\/p>\n<ul style=\n\"color: rgb(0, 0, 0); font-family: tahoma, arial, helvetica, sans-serif; font-size: 12px;\">\n<li><span style=\"font-size: 12px;\">Changed the way that max-image\nheight works in the block. Rather than showing a colored matte\nbehind verticals to fit them in to the height limit, it now sets\nthe thumbnail container to hide any overflow and relatively\npositions vertical thumbnails to roughly center them in the\nframe.<\/span><\/li>\n<\/ul>\n<p style=\n\"color: rgb(0, 0, 0); font-family: tahoma, arial, helvetica, sans-serif; font-size: 12px;\">\n<b>Version 1.2.1 - April 6, 2014<\/b><\/p>\n<ul style=\n\"color: rgb(0, 0, 0); font-family: tahoma, arial, helvetica, sans-serif; font-size: 12px;\">\n<li>Bug fix for new\/updated flags.<br \/><\/li>\n<\/ul>\n<p style=\n\"color: rgb(0, 0, 0); font-family: tahoma, arial, helvetica, sans-serif; font-size: 12px;\">\n<b>Version 1.2 -\u00a0March 25, 2014<\/b><br \/><\/p>\n<ul style=\n\"color: rgb(0, 0, 0); font-family: tahoma, arial, helvetica, sans-serif; font-size: 12px;\">\n<li><span style=\n\"font-family: tahoma, arial, helvetica, sans-serif; font-size: 12px;\">\nOrganized custom properties into more manageable groups to make\ncustomization easier<\/span><\/li>\n<li>Added URL tracking parameters option so you can work with\nGoogle Analytics to see which blocks are producing the most\nclickthroughs.<\/li>\n<\/ul>\n<p style=\n\"color: rgb(0, 0, 0); font-family: tahoma, arial, helvetica, sans-serif; font-size: 12px;\">\n<b style=\n\"font-family: tahoma, arial, helvetica, sans-serif; font-size: 12px;\">\nVersion 1.1 -\u00a0Feb. 17, 2014<\/b><br \/><\/p>\n<ul style=\n\"color: rgb(0, 0, 0); font-family: tahoma, arial, helvetica, sans-serif; font-size: 12px;\">\n<li>You can now display section titles in place of kickers.<\/li>\n<li>Added 100% width mode for images, for those layouts when you\njust need it to fit.<\/li>\n<li>New feature: Headline size compensation -- Turn this on and for\nassets without a thumbnail, it'll bump up the headline font size by\none h-factor.<\/li>\n<\/ul>\n","dependencies":{"mb_base_library":"0.1","bootstrap":"2.3.2","core_base_library":"1.13.7","disqus":"1.0"},"properties":{"headline":{"type":"bool","label":"Headline","group":"Headlines","description":"Toggle display of the headline.","default":"1"},"headline_tag":{"type":"enumeration","label":"Headline Tag","group":"Headlines","description":"Heading tag for the headline element.","enumeration":[{"value":"1","description":"h1"},{"value":"2","description":"h2"},{"value":"3","description":"h3"},{"value":"4","description":"h4"},{"value":"5","description":"h5"},{"value":"6","description":"h6"}],"default":"3"},"omit":{"type":"string","label":"Omit from headline","group":"Headlines","description":"Enter text you'd like to omit from the headline. It'll be replace with... nothing.","default":"TKQ"},"kicker":{"type":"bool","label":"Kicker","group":"Headlines","description":"Toggles display of the kicker","default":""},"section_titles":{"type":"bool","label":"Toggle Section Titles","group":"Headlines","description":"Toggle the display of section titles.","default":""},"kicker_pos":{"type":"enumeration","label":"Kicker Position","group":"Headlines","description":"Choose the position for the asset's kicker or section titles display, should you have either of those features enabled.","enumeration":[{"value":"headline","description":"Above headline"},{"value":"thumb","description":"Above image"}],"default":"headline"},"subheadline":{"type":"bool","label":"Subheadline","group":"Headlines","description":"Toggles display of the subheadline","default":"1"},"headline_compensate":{"type":"bool","label":"Headline Size Compensation","group":"Headlines","description":"When set to true, it increases the size of the headline if there is no image.","default":""},"tease":{"type":"bool","label":"Asset Tease","group":"Text","description":"Toggles display of the asset's lead-in text.","default":"1"},"truncate":{"type":"string","label":"Truncate Asset Tease","group":"Text","description":"If you want to shorten the tease, enter the number of words you wish to display. Words, not characters, mind you.","default":""},"full_content":{"type":"bool","label":"Toggle full content","group":"Text","description":"Show the full content of the asset. This is shown in place of the tease.","default":""},"thumbnail":{"type":"bool","label":"Thumbnail Display","group":"Images","description":"Turn thumbnails on or off.","default":"1"},"preview_size":{"type":"enumeration","label":"Thumbnail Image Size","group":"Images","description":"Choose a size for your thumbnail display.","enumeration":[{"value":"50","description":"50"},{"value":"100","description":"100"},{"value":"220","description":"220"},{"value":"300","description":"300"},{"value":"380","description":"380"},{"value":"620","description":"620"},{"value":"960","description":"960"}],"default":"100"},"thumbnail_float":{"type":"enumeration","label":"Thumbnail Float","group":"Images","description":"","enumeration":[{"value":"pull-left","description":"Left"},{"value":"pull-right","description":"Right"},{"value":"no-float","description":"Not Floated"}],"default":"pull-left"},"full_wide_images":{"type":"bool","label":"100% Wide Images","description":"Toggle this on for those rare occasions when you absolutely, positively have to make your thumbnail container 100% width rather than the exact width of the preview image.","default":"","group":"Images"},"lazy_load":{"type":"bool","label":"Lazy Load Images","group":"Images","description":"This is automatically disabled in masonry or slider modes.","default":"1"},"caption":{"type":"bool","label":"Thumbnail Caption","group":"Images","description":"Toggles display of the thumbnail caption","default":""},"caption_byline":{"type":"bool","label":"Thumbnail Byline","group":"Images","description":"Toggles display of the thumbnail byline.","default":""},"maxImageHeight":{"label":"Max Image Height","description":"Set a maximum image display height. Include your unit of measurement. ","type":"string","default":"","group":"Images"},"hide_verticals":{"type":"bool","label":"Hide vertical images","group":"Images","description":"Hides vertical images, if you want.","default":""},"matte_bg":{"type":"color","label":"Image Background Matte","group":"Images","description":"If you have full width images turned on and a max-height set, your images will be backgrounded by a matte of this color.","default":"#555555"},"meta":{"type":"bool","label":"Meta Section","group":"Meta","description":"Toggles display of the entire meta section","default":"1"},"meta_float":{"type":"enumeration","label":"Meta Section Float","group":"Meta","description":"","enumeration":[{"value":"pull-left","description":"Left"},{"value":"pull-right","description":"Right"}],"default":"pull-left"},"posted_time":{"type":"bool","label":"Posted Time","group":"Meta","description":"Toggles display of the posted time in meta section.","default":"1"},"tags":{"label":"Tags","description":"Toggles display of the tags in meta section.","type":"bool","default":"","group":"Meta"},"flags":{"label":"Flags","description":"Toggles display of all flags in meta section.","type":"bool","default":"1","group":"Meta"},"flags_float":{"label":"Flags Float","description":"","type":"enumeration","enumeration":[{"value":"pull-left","description":"Left"},{"value":"pull-right","description":"Right"}],"default":"pull-left","group":"Meta"},"flag_new":{"label":"New\/Updated Flag","description":"Toggles display of the NEW\/UPDATED flag in meta section.","type":"bool","default":"1","group":"Meta"},"service_classes":{"label":"Display Service Class Flags","description":"Toggle display of \"premium\" or \"free read\" tags","type":"bool","default":"","group":"Meta"},"flag_free":{"label":"Free Read Flag","description":"If the service requires no service or has disabletracker set to true, it'll show a \"free read\" flag.","type":"bool","default":"","group":"Meta"},"flag_premium":{"label":"Premium Flag","description":"If the asset requires a service to read it, it'll show a \"premium\" flag. ","type":"bool","default":"","group":"Meta"},"comment_count":{"label":"Comment Count","description":"Toggles display of the comment count in meta section.","type":"bool","default":"1","group":"Meta"},"show_empty_comments":{"type":"bool","label":"Show Empty Comment Count","group":"Meta","description":"This allows you to turn off the comment count when the asset has no comments. (Only applies to Blox comments. Disqus comment count shows regardless.)","default":"1"},"related_items":{"type":"bool","label":"Show related articles","group":"Related","description":"If set to true, this will show links to sibling article assets at the bottom of each article. Defaults to one, but you can override it with the other custom property.","default":""},"related_number":{"type":"number","label":"Number of related items","description":"Set the number of related items to display, provided you have them turned on.","default":1,"group":"Related"},"side_by_side":{"label":"Side by Side Mode","description":"Toggles ability to float assets side-by-side in a horizontal line. Use with the Side by Side Column Count property. ","type":"bool","default":"","group":"Miscellaneous"},"columncount":{"label":"Side by Side Column Count","description":"Number of articles to display in a row in side-by-side mode. Currently, this is restricted to a single row.","type":"enumeration","enumeration":[{"value":"2","description":"2"},{"value":"3","description":"3"},{"value":"4","description":"4"},{"value":"5","description":"5"},{"value":"6","description":"6"},{"value":"7","description":"7"},{"value":"8","description":"8"}],"default":"2","group":"Miscellaneous"},"maxHeight":{"label":"Max Asset Height","description":"Set a maximum asset display height. Include your unit of measurement. ","type":"string","default":"","group":"Miscellaneous"},"fixedHeight":{"label":"Fixed Asset Height","description":"Set a fixed asset display height. Include your unit of measurement. ","type":"string","default":"","group":"Miscellaneous"},"media_mode":{"type":"bool","label":"Media Mode","group":"Miscellaneous","description":"Orients asset so that no text wraps beneath the image, whether it's floated left or right.","default":""},"custom_url":{"type":"string","label":"Block Title Link URL","group":"Miscellaneous","description":"Enter 'none' if you don't want one.","default":"none"},"more_link":{"type":"string","label":"More Link","group":"More Link","description":"Enter a URL for an optional \"more stories\" link.","default":""},"more_link_text":{"type":"string","label":"More Link Text","group":"More Link","description":"Text for the optional \"more stories\" link.","default":"More Stories"},"more_link_button":{"type":"bool","label":"Display as button","group":"More Link","description":"Display the more link as a Bootstrap button or plain text.","default":"1"},"more_link_color":{"type":"enumeration","label":"Button Color","group":"More Link","description":"Choose a color for the more link button.","enumeration":[{"value":"default","description":"Gray"},{"value":"warning","description":"Orange"},{"value":"danger","description":"Red"},{"value":"success","description":"Green"},{"value":"info","description":"Light Blue"},{"value":"primary","description":"Blue"}],"default":"default"},"more_link_align":{"type":"enumeration","label":"Alignment","group":"More Link","description":"Align your more link. The \"full width\" option only works if you're using the button version of the link.","enumeration":[{"value":"pull-right","description":"Right"},{"value":"pull-left","description":"Left"},{"value":"btn-block","description":"Full-width"}],"default":"pull-right"},"more_link_mini":{"type":"bool","label":"Mini Button","group":"More Link","description":"Make the \"more stories\" link a mini button. Use only when you're using the button version of the link, duh.","default":""},"more_link_icon":{"type":"string","label":"Icon","group":"More Link","description":"Enter the Font Awesome class of an option icon you'd like to display. If you're using the latest version of FA, you don't need to add the \"fa\" class. If you're not using the latest version, don't worry about that last sentence.","default":""},"more_link_icon_pos":{"type":"enumeration","label":"Icon Position","group":"More Link","description":"Do you want your icon on the left or the right of the text\/button?","enumeration":[{"value":"left","description":"Left"},{"value":"right","description":"Right"}],"default":"right"},"css_classes":{"type":"string","label":"CSS Classes","group":"Extra","description":"Additional CSS classes you'd like applied to the a container wrapped around the block content, but not to the block container itself.","default":""},"clicktracking":{"type":"bool","label":"Click Tracking","group":"Analytics","description":"","default":""},"customtracker":{"type":"string","label":"Custom Tracker","group":"Analytics","description":"Add a custom tracker. It'll be appended to the URL of the click through with 'ct' set equal to the value you enter here.","default":""}},"propertyGroups":[],"capabilities":["custom_properties","block_title_link","block_links"],"blockTypes":[],"previewImageWidth":600,"previewImageHeight":450,"previewThumbWidth":100,"previewThumbHeight":75,"app":"editorial"}